ID,nume,prenume,dataNasterii,varsta,gen,afectiuni
11,andrei,ana,6/6/1980,40,feminin,dermatita insuficientaCardiaca
1,andrei,stefan,5/6/1960,60,masculin,reumatism artrita
2,andrei,vlad,2/3/1980,40,masculin,astm
15,bla,bla,5/5/2000,20,masculin,raceala
36,papa,popa,5/5/1980,40,masculin,raceala
10,popa,andreea,6/6/1999,21,feminin,arahnofobie
10,popa,andreea,6/6/1999,21,feminin,raceala arahnofobie
11,popa,mariana,6/8/1975,45,feminin,raceala dermatita reumatism
3,popescu,andrei,5/3/1980,40,feminin,diabet reumatism mate
4,popescu,andrei,2/3/1980,40,masculin,diabet reumatism astm
22,popescu,blaaa,3/3/2000,20,feminin,raceala
5,popescu,maria,2/3/1980,40,masculin,diabet raceala
6,popescu,popescu,5/5/1980,40,masculin,raceala
30,z,a,5/5/1999,21,masculin,raceala
